X,from,to,title.from,group.from,salesrank.from,totalreviews.from,salesrank.to,totalreviews.to
1,1629,190,Merlin,DVD,30,290,5,19
2,1629,1366,Merlin,DVD,30,290,2,2
3,1629,2679,Merlin,DVD,30,290,18,22
4,1629,4023,Merlin,DVD,30,290,20,105
5,1629,1625,Merlin,DVD,30,290,12,22
6,1629,1627,Merlin,DVD,30,290,6,1
7,1629,7529,Merlin,DVD,30,290,8,6
8,1629,1272,Merlin,DVD,30,290,14,55
9,1629,1628,Merlin,DVD,30,290,16,40
10,1629,1630,Merlin,DVD,30,290,4,21
11,1629,1631,Merlin,DVD,30,290,18,47
12,11163,11124,Donnie McClurkin: Live in London and More,DVD,8,15,20,13
13,11163,15360,Donnie McClurkin: Live in London and More,DVD,8,15,3,0
14,11163,20175,Donnie McClurkin: Live in London and More,DVD,8,15,6,42
15,11163,10626,Donnie McClurkin: Live in London and More,DVD,8,15,14,14
16,11163,20970,Donnie McClurkin: Live in London and More,DVD,8,15,5,51
17,11163,10776,Donnie McClurkin: Live in London and More,DVD,8,15,3,2
18,11163,11164,Donnie McClurkin: Live in London and More,DVD,8,15,3,4
19,11163,11166,Donnie McClurkin: Live in London and More,DVD,8,15,4,0
20,11163,5955,Donnie McClurkin: Live in London and More,DVD,8,15,3,2
21,11163,8719,Donnie McClurkin: Live in London and More,DVD,8,15,13,41
22,11163,11164,Donnie McClurkin: Live in London and More,DVD,8,15,3,4
23,32129,23842,Lady & The Tramp II - Scamp's Adventure,Video,16,73,5,0
24,32129,23843,Lady & The Tramp II - Scamp's Adventure,Video,16,73,9,19
25,32129,24115,Lady & The Tramp II - Scamp's Adventure,Video,16,73,18,21
26,32129,15312,Lady & The Tramp II - Scamp's Adventure,Video,16,73,17,63
27,32129,23329,Lady & The Tramp II - Scamp's Adventure,Video,16,73,8,5
28,32129,32127,Lady & The Tramp II - Scamp's Adventure,Video,16,73,2,0
29,32129,80473,Lady & The Tramp II - Scamp's Adventure,Video,16,73,8,2
30,38131,44848,The Sum of All Fears,DVD,37,294,9,4
31,38131,44849,The Sum of All Fears,DVD,37,294,16,63
32,38131,44850,The Sum of All Fears,DVD,37,294,9,63
33,38131,38133,The Sum of All Fears,DVD,37,294,24,7
34,38131,31084,The Sum of All Fears,DVD,37,294,11,1
35,38131,33711,The Sum of All Fears,DVD,37,294,25,8
36,45282,10920,Kindergarten Cop,DVD,26,43,6,11
37,45282,20178,Kindergarten Cop,DVD,26,43,9,134
38,45282,20179,Kindergarten Cop,DVD,26,43,3,134
39,45282,87093,Kindergarten Cop,DVD,26,43,21,12
40,52831,2134,Slaughter,Video,14,5,1,5
41,52831,2136,Slaughter,Video,14,5,5,10
42,52831,4119,Slaughter,Video,14,5,2,3
43,52831,9995,Slaughter,Video,14,5,24,58
44,52831,36524,Slaughter,Video,14,5,2,1
45,52831,64698,Slaughter,Video,14,5,6,6
46,52831,64700,Slaughter,Video,14,5,6,2
47,52831,52833,Slaughter,Video,14,5,8,27
48,53591,120083,David and Lisa,Video,16,13,18,39
49,53591,120085,David and Lisa,Video,16,13,7,2
50,53591,120086,David and Lisa,Video,16,13,4,18
51,53591,36689,David and Lisa,Video,16,13,20,87
52,53591,12340,David and Lisa,Video,16,13,6,12
53,53591,113789,David and Lisa,Video,16,13,22,218
54,53591,32094,David and Lisa,Video,16,13,13,2
55,53591,51015,David and Lisa,Video,16,13,10,30
56,56427,1898,Selena Remembered,Video,10,28,19,17
57,56427,10076,Selena Remembered,Video,10,28,4,0
58,56427,15800,Selena Remembered,Video,10,28,22,41
59,56427,61488,Selena Remembered,Video,10,28,7,13
60,59706,63836,Seguire Tus Pasos,Video,1,1,7,9
61,59706,63837,Seguire Tus Pasos,Video,1,1,9,3
62,59706,63838,Seguire Tus Pasos,Video,1,1,7,2
63,59706,8882,Seguire Tus Pasos,Video,1,1,11,13
64,59706,59708,Seguire Tus Pasos,Video,1,1,21,8
65,59706,59711,Seguire Tus Pasos,Video,1,1,12,10
66,59706,26982,Seguire Tus Pasos,Video,1,1,17,1
67,59706,59708,Seguire Tus Pasos,Video,1,1,21,8
68,62482,69497,Murder by Numbers (Full Screen Edition),DVD,19,110,5,1
69,62482,69498,Murder by Numbers (Full Screen Edition),DVD,19,110,7,0
70,62482,69499,Murder by Numbers (Full Screen Edition),DVD,19,110,2,7
71,62482,69500,Murder by Numbers (Full Screen Edition),DVD,19,110,1,1
72,62482,23349,Murder by Numbers (Full Screen Edition),DVD,19,110,26,167
73,62482,62480,Murder by Numbers (Full Screen Edition),DVD,19,110,6,63
74,67038,58926,Sheba  Baby,Video,10,7,14,28
75,67038,58928,Sheba  Baby,Video,10,7,2,0
76,67038,64118,Sheba  Baby,Video,10,7,17,6
77,67038,52271,Sheba  Baby,Video,10,7,4,1
78,71192,71190,Lojong - Transforming the Mind (Boxed Set),Video,5,2,13,10
79,71192,71380,Lojong - Transforming the Mind (Boxed Set),Video,5,2,12,4
80,71192,75384,Lojong - Transforming the Mind (Boxed Set),Video,5,2,6,0
81,71192,9762,Lojong - Transforming the Mind (Boxed Set),Video,5,2,8,2
82,71192,57876,Lojong - Transforming the Mind (Boxed Set),Video,5,2,13,0
83,77957,43543,Kingsley's Meadow - Wise Guy,Video,3,3,4,5
84,77957,43546,Kingsley's Meadow - Wise Guy,Video,3,3,7,2
85,77957,98488,Kingsley's Meadow - Wise Guy,Video,3,3,1,3
86,77957,77951,Kingsley's Meadow - Wise Guy,Video,3,3,7,2
87,77957,77953,Kingsley's Meadow - Wise Guy,Video,3,3,9,2
88,77957,116842,Kingsley's Meadow - Wise Guy,Video,3,3,15,12
89,103733,103732,Secret Agent AKA Danger Man  Set 2,DVD,17,5,19,24
90,103733,103734,Secret Agent AKA Danger Man  Set 2,DVD,17,5,6,45
91,103733,103735,Secret Agent AKA Danger Man  Set 2,DVD,17,5,20,21
92,103733,103728,Secret Agent AKA Danger Man  Set 2,DVD,17,5,0,0
93,103733,124733,Secret Agent AKA Danger Man  Set 2,DVD,17,5,19,8
94,117841,117842,Attraction,DVD,10,8,14,2
95,117841,117843,Attraction,DVD,10,8,18,21
96,117841,117845,Attraction,DVD,10,8,11,20
97,117841,117842,Attraction,DVD,10,8,14,2
98,117841,117843,Attraction,DVD,10,8,18,21
99,117841,117845,Attraction,DVD,10,8,11,20
100,117841,117842,Attraction,DVD,10,8,14,2
101,117841,117842,Attraction,DVD,10,8,14,2
102,117841,117843,Attraction,DVD,10,8,18,21
103,117841,117845,Attraction,DVD,10,8,11,20
104,123808,59267,The Complete Guide to Medicine Ball Training,Video,4,0,16,14
105,123808,89503,The Complete Guide to Medicine Ball Training,Video,4,0,1,6
106,123808,89506,The Complete Guide to Medicine Ball Training,Video,4,0,5,6
107,123808,156,The Complete Guide to Medicine Ball Training,Video,4,0,3,3
108,123808,190,The Complete Guide to Medicine Ball Training,Video,4,0,5,19
109,123808,105428,The Complete Guide to Medicine Ball Training,Video,4,0,6,13
110,123808,184973,The Complete Guide to Medicine Ball Training,Video,4,0,22,88
111,123808,195785,The Complete Guide to Medicine Ball Training,Video,4,0,5,4
112,123808,195787,The Complete Guide to Medicine Ball Training,Video,4,0,20,9
113,132757,132753,Princess Nine - Triple Play (Vol. 3),DVD,4,1,10,6
114,132757,132754,Princess Nine - Triple Play (Vol. 3),DVD,4,1,29,0
115,132757,132755,Princess Nine - Triple Play (Vol. 3),DVD,4,1,9,19
116,132757,52563,Princess Nine - Triple Play (Vol. 3),DVD,4,1,22,54
117,132757,132755,Princess Nine - Triple Play (Vol. 3),DVD,4,1,9,19
118,132757,132756,Princess Nine - Triple Play (Vol. 3),DVD,4,1,12,6
119,132757,132759,Princess Nine - Triple Play (Vol. 3),DVD,4,1,10,9
120,132757,132762,Princess Nine - Triple Play (Vol. 3),DVD,4,1,9,1
121,132757,126757,Princess Nine - Triple Play (Vol. 3),DVD,4,1,12,2
122,132757,132754,Princess Nine - Triple Play (Vol. 3),DVD,4,1,29,0
123,132757,132755,Princess Nine - Triple Play (Vol. 3),DVD,4,1,9,19
124,132757,132756,Princess Nine - Triple Play (Vol. 3),DVD,4,1,12,6
125,132757,189269,Princess Nine - Triple Play (Vol. 3),DVD,4,1,13,3
126,132757,265886,Princess Nine - Triple Play (Vol. 3),DVD,4,1,6,13
127,144749,43155,The Getaway,DVD,27,25,23,46
128,144749,80519,The Getaway,DVD,27,25,6,29
129,144749,159667,The Getaway,DVD,27,25,18,6
130,144749,82479,The Getaway,DVD,27,25,10,1
131,144749,152760,The Getaway,DVD,27,25,18,15
132,144749,136747,The Getaway,DVD,27,25,6,1
133,144749,65216,The Getaway,DVD,27,25,9,4
134,170830,114684,Barbara The Fair With The Silken Hair,DVD,10,2,11,18
135,170830,114686,Barbara The Fair With The Silken Hair,DVD,10,2,8,28
136,170830,114687,Barbara The Fair With The Silken Hair,DVD,10,2,8,5
137,170830,117132,Barbara The Fair With The Silken Hair,DVD,10,2,19,15
138,170830,132667,Barbara The Fair With The Silken Hair,DVD,10,2,12,21
139,170830,81755,Barbara The Fair With The Silken Hair,DVD,10,2,10,10
140,177282,109198,DJ Qbert's Wave Twisters,DVD,6,12,9,12
141,177282,109199,DJ Qbert's Wave Twisters,DVD,6,12,8,3
142,177282,109202,DJ Qbert's Wave Twisters,DVD,6,12,14,5
143,177282,144124,DJ Qbert's Wave Twisters,DVD,6,12,1,4
144,177282,75023,DJ Qbert's Wave Twisters,DVD,6,12,7,3
145,177282,216449,DJ Qbert's Wave Twisters,DVD,6,12,10,8
146,177432,139527,Menace II Society,DVD,19,111,13,5
147,177432,149146,Menace II Society,DVD,19,111,18,0
148,177432,152038,Menace II Society,DVD,19,111,6,0
149,177432,177428,Menace II Society,DVD,19,111,6,5
150,177432,177430,Menace II Society,DVD,19,111,4,0
151,177432,177428,Menace II Society,DVD,19,111,6,5
152,177432,177430,Menace II Society,DVD,19,111,4,0
153,184526,56930,The Sum of All Fears,Video,25,294,4,1
154,184526,61658,The Sum of All Fears,Video,25,294,22,221
155,184526,207112,The Sum of All Fears,Video,25,294,5,1
156,184526,250755,The Sum of All Fears,Video,25,294,8,13
157,184526,250756,The Sum of All Fears,Video,25,294,4,3
158,191825,56930,Detroit Lions 2001 NFL Team Video,Video,3,0,4,1
159,191825,141148,Detroit Lions 2001 NFL Team Video,Video,3,0,13,7
160,191825,191036,Detroit Lions 2001 NFL Team Video,Video,3,0,11,40
161,191825,147084,Detroit Lions 2001 NFL Team Video,Video,3,0,3,5
162,191825,245110,Detroit Lions 2001 NFL Team Video,Video,3,0,4,0
163,215668,175959,Def Comedy Jam  Vol. 13,DVD,8,0,21,8
164,215668,177376,Def Comedy Jam  Vol. 13,DVD,8,0,22,37
165,215668,177377,Def Comedy Jam  Vol. 13,DVD,8,0,8,67
166,221085,88463,El Hombre Sin Sombra (Hollow Man),DVD,27,243,18,48
167,221085,103641,El Hombre Sin Sombra (Hollow Man),DVD,27,243,1,0
168,221085,115111,El Hombre Sin Sombra (Hollow Man),DVD,27,243,6,6
169,221085,165118,El Hombre Sin Sombra (Hollow Man),DVD,27,243,5,1
170,221085,228427,El Hombre Sin Sombra (Hollow Man),DVD,27,243,5,25
171,231604,43553,Modern Times,DVD,17,43,4,1
172,231604,76706,Modern Times,DVD,17,43,8,69
173,231604,78278,Modern Times,DVD,17,43,6,0
174,231604,131353,Modern Times,DVD,17,43,12,55
175,231604,75725,Modern Times,DVD,17,43,6,3
176,231604,119146,Modern Times,DVD,17,43,3,0
177,239014,12615,Gladiator,Video,17,15,13,5
178,239014,15740,Gladiator,Video,17,15,8,5
179,239014,229533,Gladiator,Video,17,15,10,2
180,239014,151325,Gladiator,Video,17,15,1,13
181,239014,237568,Gladiator,Video,17,15,1,0
182,242693,239545,Seven (New Line Platinum Series),DVD,26,483,22,44
183,242693,239546,Seven (New Line Platinum Series),DVD,26,483,12,53
184,242693,239547,Seven (New Line Platinum Series),DVD,26,483,18,9
185,242693,110872,Seven (New Line Platinum Series),DVD,26,483,19,4
186,242693,215593,Seven (New Line Platinum Series),DVD,26,483,5,5
187,257621,60310,Nancy Drew: A Haunting We Will Go,Video,15,1,18,13
188,257621,60312,Nancy Drew: A Haunting We Will Go,Video,15,1,31,212
189,257621,133398,Nancy Drew: A Haunting We Will Go,Video,15,1,8,3
190,257621,44502,Nancy Drew: A Haunting We Will Go,Video,15,1,13,3
191,261587,261582,Cannibal Apocalypse,DVD,8,12,10,1
192,261587,261590,Cannibal Apocalypse,DVD,8,12,14,3
193,261587,261599,Cannibal Apocalypse,DVD,8,12,25,8
194,261587,271593,Cannibal Apocalypse,DVD,8,12,4,0
195,261587,261584,Cannibal Apocalypse,DVD,8,12,19,3
196,261587,261588,Cannibal Apocalypse,DVD,8,12,17,12
197,261657,261649,The Gambler,DVD,26,2,5,11
198,261657,261653,The Gambler,DVD,26,2,21,10
199,261657,261654,The Gambler,DVD,26,2,3,5
200,261657,261658,The Gambler,DVD,26,2,1,0
201,261657,261662,The Gambler,DVD,26,2,19,49
202,261657,105814,The Gambler,DVD,26,2,10,42
